ime,priimek,email,uporabnisko_ime,geslo
Chandler,Simnel,csimnel0@go.com,csimnel0,EUhKhh
Leola,Caughte,lcaughte1@cbsnews.com,lcaughte1,1k5MO1LkLG
Roz,Gippes,rgippes2@narod.ru,rgippes2,ZbyM4nJ4nisD
Ambrosius,Napleton,anapleton3@ted.com,anapleton3,kiD6nHmJl
Marley,Ilott,milott4@answers.com,milott4,rBfdYMqf0Jt2
Cesar,Hartfleet,chartfleet5@godaddy.com,chartfleet5,pQR3sjRnsE
Doralynn,Cahalan,dcahalan6@wisc.edu,dcahalan6,9NX8eR
Arley,MacCardle,amaccardle7@ucoz.ru,amaccardle7,sJfXo0v
Collete,Hawkwood,chawkwood8@jugem.jp,chawkwood8,AqjpUes
Patton,Bristoe,pbristoe9@surveymonkey.com,pbristoe9,MrHCfo
Eliza,Keneleyside,ekeneleysidea@ameblo.jp,ekeneleysidea,epePTjqCid
Hettie,Goodwyn,hgoodwynb@4shared.com,hgoodwynb,Pn1i25G
Bernadette,Surgenor,bsurgenorc@issuu.com,bsurgenorc,CpkujZ
Diana,Echallie,dechallied@washingtonpost.com,dechallied,cWtwHAQL2F
Amalita,McElhinney,amcelhinneye@mtv.com,amcelhinneye,vj14AFTolom
Izak,Wallett,iwallettf@feedburner.com,iwallettf,FPzvmF2l
Charlean,Llywarch,cllywarchg@unc.edu,cllywarchg,7eAa9le3
Filip,Dellenbach,fdellenbachh@constantcontact.com,fdellenbachh,yLOfGqY0V8z
Jaquelin,Gissing,jgissingi@upenn.edu,jgissingi,ioug5b
Phaidra,Toward,ptowardj@wordpress.com,ptowardj,VXMTlZVwe
Gusella,Di Frisco,gdifriscok@msu.edu,gdifriscok,POX1Qi0l4q
Rad,Emmines,remminesl@delicious.com,remminesl,HyrXDxLA
Caresse,Awde,cawdem@cargocollective.com,cawdem,1mUXniRTzk
Eadie,Pymar,epymarn@cafepress.com,epymarn,PiJYWv
Cassandre,Lodin,clodino@japanpost.jp,clodino,nd8sTydy0B8
Waldon,Westnedge,wwestnedgep@github.io,wwestnedgep,jU0TdaSnV4
Laetitia,Liddel,lliddelq@comsenz.com,lliddelq,YYkcXYBb4
Randy,Gerrietz,rgerrietzr@ovh.net,rgerrietzr,cYV1UvJX
Erie,Alleyn,ealleyns@senate.gov,ealleyns,vuwOdOK5l
Cati,Eykelhof,ceykelhoft@hugedomains.com,ceykelhoft,PvTKcH
Diahann,Gindghill,dgindghillu@sun.com,dgindghillu,hRiw75aher
Berni,Magnar,bmagnarv@jugem.jp,bmagnarv,dJUivWN7RGA
Davis,Chuter,dchuterw@ocn.ne.jp,dchuterw,sCA3ymKl
Karen,Faustian,kfaustianx@reddit.com,kfaustianx,alemM7
Pammy,Tinston,ptinstony@tmall.com,ptinstony,GWQCp5U0D3E
Prissie,Siggins,psigginsz@jugem.jp,psigginsz,S8lsb1
Pippy,Sedge,psedge10@altervista.org,psedge10,OlX5x4Afo1
Jason,Blakeman,jblakeman11@tinypic.com,jblakeman11,Tr5vFXl4Zqi
Lelah,De Vuyst,ldevuyst12@google.co.jp,ldevuyst12,zyxD43ybp
Pieter,Newlin,pnewlin13@marriott.com,pnewlin13,APkkC5d3y
Noelyn,Moxom,nmoxom14@yandex.ru,nmoxom14,dPeTh3Xw9
Torrey,Eastridge,teastridge15@com.com,teastridge15,WFyaAG4W
Corby,Canada,ccanada16@wordpress.org,ccanada16,FzSdIV
Joela,Hrycek,jhrycek17@cnet.com,jhrycek17,O382Rd0tp
Shelley,Cymper,scymper18@usnews.com,scymper18,jGXnZGJC8r
Ursala,Caughte,ucaughte19@vinaora.com,ucaughte19,1SxwFG1d1yN
Bronny,Kaasmann,bkaasmann1a@ebay.co.uk,bkaasmann1a,qBElRh
Samantha,Tomblin,stomblin1b@cornell.edu,stomblin1b,I2J2cQ18
Zorina,Pendrigh,zpendrigh1c@com.com,zpendrigh1c,mNytET7zPI
Zerk,Prestidge,zprestidge1d@biglobe.ne.jp,zprestidge1d,OiqlbaYmVSm9
Elladine,Murrell,emurrell1e@oakley.com,emurrell1e,bgJIFSC2VQ
Issie,Cota,icota1f@nyu.edu,icota1f,5VFGrNNMRtC
Hayyim,Orsman,horsman1g@bloglovin.com,horsman1g,l397yS
Reagan,Bagworth,rbagworth1h@ehow.com,rbagworth1h,yH4CWCJ
Alta,Felderer,afelderer1i@google.ca,afelderer1i,d76hk6z
Mary,Armer,marmer1j@yellowpages.com,marmer1j,II7HvSFDoLhc
Mose,Pundy,mpundy1k@tiny.cc,mpundy1k,sioVJEcsG
Angie,Castanaga,acastanaga1l@wikipedia.org,acastanaga1l,cAhHPxlJ
Garwin,McKinlay,gmckinlay1m@economist.com,gmckinlay1m,mSdqI5QOKYJW
Libbie,Pauling,lpauling1n@wp.com,lpauling1n,uNBRtNF
Kristoffer,Storrock,kstorrock1o@tripadvisor.com,kstorrock1o,5LpXOI
Rikki,Oganesian,roganesian1p@ehow.com,roganesian1p,tdpjGx
Artemis,Bortolutti,abortolutti1q@redcross.org,abortolutti1q,WNr4tmubWBH
Ina,Organer,iorganer1r@cbsnews.com,iorganer1r,iB20rsz
Nessi,Baile,nbaile1s@apple.com,nbaile1s,dzGJV862t4e5
Stevie,Keeling,skeeling1t@fema.gov,skeeling1t,L5PaSaULZgDh
Alia,Parsand,aparsand1u@cdbaby.com,aparsand1u,S6rRhgNV5b
Codi,Rizzo,crizzo1v@nasa.gov,crizzo1v,4prCZr
Keene,Wilflinger,kwilflinger1w@dropbox.com,kwilflinger1w,RA0fip1bxFxm
Bernadette,Raywood,braywood1x@vistaprint.com,braywood1x,YNpGpt2Mxp1i
Kym,Rowston,krowston1y@t-online.de,krowston1y,2aSKRm7q
Chiquita,Stapleton,cstapleton1z@alexa.com,cstapleton1z,NqE1hOLEz
Maximilianus,Fletcher,mfletcher20@google.co.jp,mfletcher20,7p0qDoKLWN
Paulita,Mayers,pmayers21@hexun.com,pmayers21,q2z1vNj4J
Celestine,Vanderplas,cvanderplas22@hc360.com,cvanderplas22,IlxjbntIT6
Bert,Newband,bnewband23@histats.com,bnewband23,JL26MytaiW6
Cynde,Piscot,cpiscot24@yolasite.com,cpiscot24,l7HzznDb
Frankie,Prate,fprate25@statcounter.com,fprate25,Ggd2aHy
Harrietta,Oldam,holdam26@spiegel.de,holdam26,JU3XsBK
Leann,Iddon,liddon27@hibu.com,liddon27,aabB30rnVbe2
Hayyim,Stockle,hstockle28@phoca.cz,hstockle28,My3g7VW
Megen,Ducket,mducket29@csmonitor.com,mducket29,BEVHe1WjD6
Avril,Banbury,abanbury2a@pen.io,abanbury2a,77tydD
Franciskus,Baline,fbaline2b@github.com,fbaline2b,6yK96k7xgR
Agna,Moultrie,amoultrie2c@cbsnews.com,amoultrie2c,jVW91Qk0Yh4
Trula,Pim,tpim2d@marriott.com,tpim2d,xH4OSGw45
Mead,Budnik,mbudnik2e@xing.com,mbudnik2e,MnsUJ8U1F
Major,Hothersall,mhothersall2f@zdnet.com,mhothersall2f,yzAcQhTp8a
Lanni,Colmer,lcolmer2g@opera.com,lcolmer2g,buEHfQaEGn
Ravid,Olivo,rolivo2h@nationalgeographic.com,rolivo2h,dlWnNQG
Lona,Conisbee,lconisbee2i@cnn.com,lconisbee2i,1D0H4j0TQY1
Guillaume,Labitt,glabitt2j@tripadvisor.com,glabitt2j,LO1iGtabM
Natasha,Verdun,nverdun2k@apache.org,nverdun2k,T4CNbcg9
Tad,Goodhall,tgoodhall2l@gmpg.org,tgoodhall2l,K3sch1V
Enrique,Laytham,elaytham2m@soup.io,elaytham2m,KWSfVva
Demeter,Franchi,dfranchi2n@hugedomains.com,dfranchi2n,HR4Sl7hfMM
Ebenezer,Gosker,egosker2o@mail.ru,egosker2o,DBh6HT
Kaleena,MacMaykin,kmacmaykin2p@list-manage.com,kmacmaykin2p,PCtjsZF
Clea,Goodee,cgoodee2q@youku.com,cgoodee2q,qjy8eGVWII
Say,Chippin,schippin2r@sbwire.com,schippin2r,sPuAPLhDR
Phaedra,McBeith,pmcbeith2s@bbb.org,pmcbeith2s,F1nKK5iA
Dougie,Isselee,disselee2t@nydailynews.com,disselee2t,BptiABcJV
Courtney,Orable,corable2u@posterous.com,corable2u,ll4UjsTAD
Irv,Bispo,ibispo2v@booking.com,ibispo2v,0HPxtyz
Udell,Lanfer,ulanfer2w@cbc.ca,ulanfer2w,MJ5tbxqZwbh8
Siobhan,Battell,sbattell2x@timesonline.co.uk,sbattell2x,wkc6AgURk5M
Collete,Dwelly,cdwelly2y@unc.edu,cdwelly2y,C7xppYq4Xt
Lucienne,Dawid,ldawid2z@opensource.org,ldawid2z,zLeX0qAp6
Marven,Baggarley,mbaggarley30@adobe.com,mbaggarley30,G66aeBb
Demetris,Denver,ddenver31@barnesandnoble.com,ddenver31,w3yxVvWJn
Justino,Kerswell,jkerswell32@wordpress.org,jkerswell32,E6waR2khQ0e
Tommie,Wooding,twooding33@bluehost.com,twooding33,vUXlvyGvav
Rakel,Lisciardelli,rlisciardelli34@walmart.com,rlisciardelli34,NbsT5w6IJs
Keefer,Jeandin,kjeandin35@springer.com,kjeandin35,5iteGzQfbMa
Christiane,Fulcher,cfulcher36@miitbeian.gov.cn,cfulcher36,vi4Jr4CEg
Camile,Lewty,clewty37@indiegogo.com,clewty37,fHTIhQrhhYM
Luisa,Nicol,lnicol38@ocn.ne.jp,lnicol38,qzGFaou9P6
Meredithe,Andreopolos,mandreopolos39@bloglovin.com,mandreopolos39,OrNcTC8OVbz
Joete,Diem,jdiem3a@privacy.gov.au,jdiem3a,FQBVoYaky
Archibald,Richfield,arichfield3b@jimdo.com,arichfield3b,8DuA3xcU
Marlo,Morison,mmorison3c@over-blog.com,mmorison3c,MrhQKC
My,Westgarth,mwestgarth3d@discovery.com,mwestgarth3d,ffDn5Tf35
Jackquelin,Franchioni,jfranchioni3e@ted.com,jfranchioni3e,0L3GVOltbrwA
Krissy,Apfler,kapfler3f@apple.com,kapfler3f,pLkcOJxru3s
Madelene,Cockin,mcockin3g@themeforest.net,mcockin3g,OclKeLK
Alisa,Armit,aarmit3h@newsvine.com,aarmit3h,QZJsTAx
Zachary,Maddick,zmaddick3i@ebay.com,zmaddick3i,LZFvSRef
Kellia,Grange,kgrange3j@etsy.com,kgrange3j,MQpLGp9
Casandra,Lindenblatt,clindenblatt3k@ihg.com,clindenblatt3k,unZmVA
Burtie,Lamputt,blamputt3l@mlb.com,blamputt3l,3P31Im
Paulina,Castel,pcastel3m@livejournal.com,pcastel3m,Xufhemn5Olho
Rickert,O'Dunneen,rodunneen3n@toplist.cz,rodunneen3n,dxMUXnA
Mace,Dennes,mdennes3o@themeforest.net,mdennes3o,lEg3xNXCD7
Charmain,Scholar,cscholar3p@linkedin.com,cscholar3p,0uxdGNvdLwkC
Stesha,Bolgar,sbolgar3q@washington.edu,sbolgar3q,0rys1w
Chance,Matzkaitis,cmatzkaitis3r@house.gov,cmatzkaitis3r,jI36eFV3Rm3
Rhys,Hampe,rhampe3s@usnews.com,rhampe3s,AGwc5ENKSJSX
Almire,Landrieu,alandrieu3t@topsy.com,alandrieu3t,nVuFMkj
Crissy,Nelles,cnelles3u@ft.com,cnelles3u,n6nLtuSxaAiV
Merridie,Benit,mbenit3v@europa.eu,mbenit3v,wdv7ihkf
Jaine,Deners,jdeners3w@scientificamerican.com,jdeners3w,8j3vFz9Zp9Z6
Scotti,Imlacke,simlacke3x@marketwatch.com,simlacke3x,Dkhk7wb2sYG
Fonz,Easeman,feaseman3y@ucoz.com,feaseman3y,2EUvfAWEs7t8
Agosto,Bestman,abestman3z@istockphoto.com,abestman3z,FjGC77cI
Artemus,Worsnip,aworsnip40@upenn.edu,aworsnip40,0TA0Y3uW0xhl
Kimberli,Gommes,kgommes41@histats.com,kgommes41,7tpZxR5AOQ6Y
Sherill,Birchett,sbirchett42@webeden.co.uk,sbirchett42,9XFcyuwi
Christabella,Ransbury,cransbury43@woothemes.com,cransbury43,EYnZQPIuJ
Aubree,Fanti,afanti44@angelfire.com,afanti44,AwdIGTifZT
Teddi,Prettyjohns,tprettyjohns45@meetup.com,tprettyjohns45,00JOcBKXz1J1
Nerita,Hackley,nhackley46@123-reg.co.uk,nhackley46,QMqKuvZl4A
Jecho,Butters,jbutters47@tumblr.com,jbutters47,CUZtDHrl
Lindie,Turmall,lturmall48@npr.org,lturmall48,I4RPXvWMB5t
Carney,Roderigo,croderigo49@360.cn,croderigo49,aV4eSdipeYlK
Patrick,Hardin,phardin4a@netlog.com,phardin4a,n8hri0
Shermie,Allnatt,sallnatt4b@nydailynews.com,sallnatt4b,c3JdlmUer
Bradney,Lahrs,blahrs4c@cnbc.com,blahrs4c,uiaben6
Holli,Kleinmintz,hkleinmintz4d@tripod.com,hkleinmintz4d,suI4rMkzG
Bria,Laslett,blaslett4e@vinaora.com,blaslett4e,14u9XkeVbW
Queenie,Peerless,qpeerless4f@geocities.com,qpeerless4f,uJvo1w
Tan,Cuesta,tcuesta4g@state.gov,tcuesta4g,2GuvcLh
Darsie,Guillou,dguillou4h@umn.edu,dguillou4h,QUPMr2nmy8
Athene,Mearing,amearing4i@earthlink.net,amearing4i,M8WezQJwx4z
Ferris,Thomsson,fthomsson4j@techcrunch.com,fthomsson4j,WwpSb2goSFhc
Garey,Meriott,gmeriott4k@delicious.com,gmeriott4k,ueRfN63D74j
Egan,Schlag,eschlag4l@bigcartel.com,eschlag4l,NVAtcqq2w
Collete,Kernaghan,ckernaghan4m@wikipedia.org,ckernaghan4m,NteoSLAT
Nickie,Denys,ndenys4n@mashable.com,ndenys4n,mB9LWMi
Aldwin,Fencott,afencott4o@go.com,afencott4o,cZeeH6QX
Vera,Reagan,vreagan4p@usda.gov,vreagan4p,f4wEgV7
Bryanty,Phinn,bphinn4q@merriam-webster.com,bphinn4q,kPggeXv
Christian,Forlonge,cforlonge4r@addtoany.com,cforlonge4r,9GdYAz1SZKpv
Tory,Cordaroy,tcordaroy4s@samsung.com,tcordaroy4s,OxomuDG7eC
Kassi,Carsey,kcarsey4t@bizjournals.com,kcarsey4t,VSSNFs
Sylvan,Queste,squeste4u@umich.edu,squeste4u,wbsnVqu
Cornelle,Garmon,cgarmon4v@yahoo.com,cgarmon4v,M6kEmZUSEUL
Obediah,Wyman,owyman4w@ehow.com,owyman4w,lgDPiFl2La
Loydie,Brunelli,lbrunelli4x@tinyurl.com,lbrunelli4x,cVZ992bH
Mame,Dabnot,mdabnot4y@army.mil,mdabnot4y,347beWTpoW
Shelagh,Tuma,stuma4z@sphinn.com,stuma4z,AwysecZ
Merrill,Giuron,mgiuron50@si.edu,mgiuron50,sku0p3
Marigold,Winley,mwinley51@barnesandnoble.com,mwinley51,nyKE9U
Lennie,Flaws,lflaws52@amazon.com,lflaws52,yYf8IWIlfHm3
Carmelia,Corrett,ccorrett53@angelfire.com,ccorrett53,X67Dw2Zfp1
Roseanne,Laba,rlaba54@cnbc.com,rlaba54,2rUeWC9
Cher,Oseland,coseland55@apple.com,coseland55,QdWSdS2cwTO
Cassi,Jeyes,cjeyes56@blogspot.com,cjeyes56,cK3u01
Concordia,Russe,crusse57@patch.com,crusse57,hKehNeQX
Pearle,Messenbird,pmessenbird58@multiply.com,pmessenbird58,U8W5Gb
Brendon,Hacquel,bhacquel59@wp.com,bhacquel59,i0j4ZEmayn
Estrella,Blamey,eblamey5a@myspace.com,eblamey5a,EvQjwKG
Anthony,Fiddiman,afiddiman5b@yale.edu,afiddiman5b,QSRuw9sB2t
Enrica,Dunckley,edunckley5c@omniture.com,edunckley5c,647MIRGfp
Randell,Klazenga,rklazenga5d@yandex.ru,rklazenga5d,wWcrM160nxW
Rosmunda,Kepp,rkepp5e@wp.com,rkepp5e,8a3BLgQnMKSc
Al,Sommersett,asommersett5f@army.mil,asommersett5f,FmjgZjBu5im
Alessandra,Giacubo,agiacubo5g@ow.ly,agiacubo5g,51tL5YiWMVrX
Tommie,Farnhill,tfarnhill5h@amazon.co.jp,tfarnhill5h,64o9L5VT
Violette,Cadany,vcadany5i@seattletimes.com,vcadany5i,GtuOYIlUeHLc
Craggie,Garie,cgarie5j@arstechnica.com,cgarie5j,np2AbfJD
Damien,Tinsley,dtinsley5k@cmu.edu,dtinsley5k,UhTXRp
Royall,Velten,rvelten5l@canalblog.com,rvelten5l,7bwH5zaij
Myca,Tennock,mtennock5m@scientificamerican.com,mtennock5m,Q5Qydi
Emlen,Pfaffe,epfaffe5n@bing.com,epfaffe5n,tix9Gh8BQ
Rodie,Ninnotti,rninnotti5o@admin.ch,rninnotti5o,Vb4dkXsro
Demetra,Giacobbo,dgiacobbo5p@etsy.com,dgiacobbo5p,MkYg6hZ5R
Carmelle,Saltman,csaltman5q@slashdot.org,csaltman5q,RkodRgQJlG
Nessi,Conduit,nconduit5r@latimes.com,nconduit5r,p4fQtORH6E
Loralee,Teck,lteck5s@princeton.edu,lteck5s,kqKFGPQsa
Jordana,Lum,jlum5t@jiathis.com,jlum5t,17gY6eJ
Darby,Pagel,dpagel5u@army.mil,dpagel5u,1hQ1lFTb
Jedediah,McKleod,jmckleod5v@gizmodo.com,jmckleod5v,5unuSDGqI
Gibby,Gerish,ggerish5w@over-blog.com,ggerish5w,CnBinyDarL
Janos,Comben,jcomben5x@biglobe.ne.jp,jcomben5x,4kw0nswu
Em,Gilberthorpe,egilberthorpe5y@fotki.com,egilberthorpe5y,zTGFKAW
Joby,Crone,jcrone5z@purevolume.com,jcrone5z,aAboKC0oC9
Roman,Normington,rnormington60@tamu.edu,rnormington60,NgoH9w2jzR
Camella,Jeggo,cjeggo61@usda.gov,cjeggo61,KrvJOZDS
Jodie,Quilliam,jquilliam62@google.ca,jquilliam62,1kjm6Z
Augustus,McGorley,amcgorley63@pagesperso-orange.fr,amcgorley63,6VE12om1CD
Norrie,Cherryman,ncherryman64@google.com.hk,ncherryman64,0VZQlzU
Gabbey,Byart,gbyart65@sakura.ne.jp,gbyart65,dZd3xv6tU1c
Hendrika,Waight,hwaight66@disqus.com,hwaight66,sLKpRiD
Batsheva,Pruckner,bpruckner67@nbcnews.com,bpruckner67,qhePvCThv2
Laurice,Dewey,ldewey68@salon.com,ldewey68,7x8aS7Z
Katrina,McBratney,kmcbratney69@techcrunch.com,kmcbratney69,7G6e7jkPqM
Happy,Chaffyn,hchaffyn6a@mozilla.org,hchaffyn6a,OhqKOhd
Beck,Inkster,binkster6b@stanford.edu,binkster6b,c5OkBAsvEcZu
Candide,Javes,cjaves6c@aboutads.info,cjaves6c,q6SQgaBC
Chic,Padley,cpadley6d@dyndns.org,cpadley6d,GItJd274amr
Devlen,Farney,dfarney6e@imdb.com,dfarney6e,tietYKtw
Marven,Seman,mseman6f@umn.edu,mseman6f,TDlRPm73b
Mercie,Saunt,msaunt6g@telegraph.co.uk,msaunt6g,8BRYUoL7
Marya,Inderwick,minderwick6h@is.gd,minderwick6h,wFeWfiIMgJrV
Gradey,Tatnell,gtatnell6i@studiopress.com,gtatnell6i,nbwa5c
Clarie,Enrdigo,cenrdigo6j@technorati.com,cenrdigo6j,azu62VuEBJKt
Ottilie,Perrott,operrott6k@yale.edu,operrott6k,iIVSEE4XR
Sherwynd,Arderne,sarderne6l@gov.uk,sarderne6l,MC9597wHkJF
Kathye,Polle,kpolle6m@i2i.jp,kpolle6m,BPFrC3
Claus,Merwede,cmerwede6n@vkontakte.ru,cmerwede6n,QLTiu2
Alida,Fairbard,afairbard6o@eepurl.com,afairbard6o,woVrKMw
Ofilia,Southwood,osouthwood6p@dyndns.org,osouthwood6p,wt9ZCmoFGM
Corie,Fenney,cfenney6q@oakley.com,cfenney6q,tqR1rxu
Darrell,Thurnham,dthurnham6r@blogtalkradio.com,dthurnham6r,vXYtRIq
Eada,Wardlaw,ewardlaw6s@yolasite.com,ewardlaw6s,qtBjUvyEiSTw
Shani,Caustick,scaustick6t@adobe.com,scaustick6t,1yIFQBy
Clotilda,Millward,cmillward6u@princeton.edu,cmillward6u,bR1py82C6m
Meggi,Whitrod,mwhitrod6v@imdb.com,mwhitrod6v,UzXMn5
Thadeus,Simacek,tsimacek6w@meetup.com,tsimacek6w,IdZIf6nwWQ
Bevvy,Sparkes,bsparkes6x@illinois.edu,bsparkes6x,V86PQW
Willetta,Sagerson,wsagerson6y@moonfruit.com,wsagerson6y,iW05br25c
Edan,Pevreal,epevreal6z@csmonitor.com,epevreal6z,kSWx7If0aCYt
Marji,Thring,mthring70@issuu.com,mthring70,q6BJub
Bridie,Keuneke,bkeuneke71@simplemachines.org,bkeuneke71,Vo9O2t
Rosalinda,Izhakov,rizhakov72@tumblr.com,rizhakov72,JYuf9puhNc
Vanni,Calabry,vcalabry73@upenn.edu,vcalabry73,6aWD7siFFLz
Brooks,Bodicam,bbodicam74@mayoclinic.com,bbodicam74,nXCxpm
Archambault,Coit,acoit75@blogger.com,acoit75,ExHPzqrg
Micheil,Keefe,mkeefe76@vinaora.com,mkeefe76,tjc2EiC4fcm
Rowan,Wakenshaw,rwakenshaw77@va.gov,rwakenshaw77,i5Cd5pAP
Izaak,Spira,ispira78@youku.com,ispira78,aJfvH3
Merrill,Yellop,myellop79@cnn.com,myellop79,vwNYa0i
Eldridge,Bangs,ebangs7a@exblog.jp,ebangs7a,SjH94S
Godfrey,Charte,gcharte7b@discuz.net,gcharte7b,y488Wh
Dimitry,Di Franceschi,ddifranceschi7c@hc360.com,ddifranceschi7c,MwZf0bdX
Sheffield,Stygall,sstygall7d@diigo.com,sstygall7d,yvtRkV5MeKS
Lola,Sparsholt,lsparsholt7e@who.int,lsparsholt7e,U8qBUiH
Leeann,Gildersleaves,lgildersleaves7f@zdnet.com,lgildersleaves7f,mpuRwfllqR
Matthiew,Varley,mvarley7g@merriam-webster.com,mvarley7g,MMsMaMqvqTBA
Heddie,Haydn,hhaydn7h@toplist.cz,hhaydn7h,Y9DesSO
Kyrstin,Akister,kakister7i@google.ru,kakister7i,Hq77lbI
Fowler,Gamble,fgamble7j@china.com.cn,fgamble7j,cqCdABI
Pedro,Gaythwaite,pgaythwaite7k@mapy.cz,pgaythwaite7k,8hwhNfkhKot
Jory,Emby,jemby7l@huffingtonpost.com,jemby7l,LHTGnNIUWh
Myca,Erb,merb7m@salon.com,merb7m,400vNFbeS
Odetta,Tythacott,otythacott7n@t.co,otythacott7n,Rrx46InszB
Osmund,Bowgen,obowgen7o@php.net,obowgen7o,WDMxfbYyzFl
Virgina,Cowgill,vcowgill7p@quantcast.com,vcowgill7p,ZXz7tX4
Cary,Hughlock,chughlock7q@privacy.gov.au,chughlock7q,GLQw0cSwwk5F
Corney,Enos,cenos7r@plala.or.jp,cenos7r,F2HbRe
Elianora,Salomon,esalomon7s@wired.com,esalomon7s,Wr9WXSg
Karlyn,Muslim,kmuslim7t@google.com.br,kmuslim7t,rrH41p0Rbm39
Francesco,Edmunds,fedmunds7u@discuz.net,fedmunds7u,JV0zpWNBmfZc
Fania,McCall,fmccall7v@amazon.co.jp,fmccall7v,oZMadiuo
Ted,McVaugh,tmcvaugh7w@craigslist.org,tmcvaugh7w,QveslITdO6
Saundra,Barwell,sbarwell7x@time.com,sbarwell7x,XmVIr4yj
Mortie,Butt Gow,mbuttgow7y@biblegateway.com,mbuttgow7y,YCQUy2q
Maura,Lamport,mlamport7z@example.com,mlamport7z,eOFsci8fL
Conney,Hugo,chugo80@skyrock.com,chugo80,k3DhXdLS
Cory,Tisor,ctisor81@weather.com,ctisor81,E4T0uUk8
Roley,Fairpo,rfairpo82@time.com,rfairpo82,P0GqBkq
Gaspar,MacVaugh,gmacvaugh83@cbsnews.com,gmacvaugh83,ccXrLTvfjy
Heath,Eastope,heastope84@shutterfly.com,heastope84,fallcs4V
Leese,Stickels,lstickels85@nasa.gov,lstickels85,0aNOHu6jV
Lenette,Paynes,lpaynes86@hp.com,lpaynes86,RGbxhw
Sidoney,Crame,scrame87@senate.gov,scrame87,VV1Zt1
Cassandre,Dunbobin,cdunbobin88@elpais.com,cdunbobin88,jgG4glrkSeM
Pen,Duplock,pduplock89@youtu.be,pduplock89,CgioGD1bknh
Daron,McElvine,dmcelvine8a@1und1.de,dmcelvine8a,gd2dKInfFjp
Dolorita,Bearward,dbearward8b@desdev.cn,dbearward8b,opcnWhrokOD
Royal,Heggadon,rheggadon8c@theatlantic.com,rheggadon8c,avsrl7Pu9PS
Walt,Belliss,wbelliss8d@utexas.edu,wbelliss8d,0vLQqO
Nydia,Standing,nstanding8e@rambler.ru,nstanding8e,emVHws5D7tz
Starlene,Pallister,spallister8f@skyrock.com,spallister8f,b2HVa5DS9
Erin,Edeson,eedeson8g@usda.gov,eedeson8g,4enYrgIbm
Karoline,Berntssen,kberntssen8h@accuweather.com,kberntssen8h,Y2TiJog
Cornall,Pouton,cpouton8i@topsy.com,cpouton8i,1oS0RRji
Morten,Hawes,mhawes8j@creativecommons.org,mhawes8j,KySABE3
Anni,Thomen,athomen8k@moonfruit.com,athomen8k,LaDCIuaf3
Clara,Cordobes,ccordobes8l@instagram.com,ccordobes8l,Oum2P4n
Aimil,Dislee,adislee8m@blogtalkradio.com,adislee8m,I80GpeyV
Lurlene,Gething,lgething8n@dagondesign.com,lgething8n,jmhcGyM
Micky,Ledwich,mledwich8o@creativecommons.org,mledwich8o,tCgdAF55qm
Regen,Albrighton,ralbrighton8p@youtube.com,ralbrighton8p,7kQj6Wh7VeV
Velvet,Deex,vdeex8q@businessweek.com,vdeex8q,cUFVFjHGrY
Vladamir,Beverage,vbeverage8r@squidoo.com,vbeverage8r,WqNsZoH
Irwin,Spottiswood,ispottiswood8s@facebook.com,ispottiswood8s,7XOdUI9g7H
Michel,Malam,mmalam8t@discovery.com,mmalam8t,mTVV1VEqoprm
Hyacinthia,Poetz,hpoetz8u@vinaora.com,hpoetz8u,KVpLYJDvry4f
Pinchas,Lettice,plettice8v@lycos.com,plettice8v,pdtqre6HX
Charline,de Clercq,cdeclercq8w@geocities.jp,cdeclercq8w,8F411YOK0ASS
Nolan,Bilston,nbilston8x@arizona.edu,nbilston8x,xM0zPykL
Sibylla,McGarvey,smcgarvey8y@toplist.cz,smcgarvey8y,1LgTEZv
Read,Giblett,rgiblett8z@cam.ac.uk,rgiblett8z,DJEbOXfiY6
Dionysus,Dary,ddary90@wp.com,ddary90,bLiBcml
Tyson,Kingswood,tkingswood91@domainmarket.com,tkingswood91,BnRbpqY
Carmelina,Causley,ccausley92@webmd.com,ccausley92,4UuFkO
Hadley,Goodlud,hgoodlud93@chron.com,hgoodlud93,Tkv5PAlaD1l
Costanza,Mc Pake,cmcpake94@jiathis.com,cmcpake94,YT0TARCS
Dorice,Lampart,dlampart95@yellowpages.com,dlampart95,w0HrUE
Ervin,McGrail,emcgrail96@msn.com,emcgrail96,BJVcSBcuSJK
Kristoforo,Ingleby,kingleby97@shinystat.com,kingleby97,4tTxY0qbzC
Aylmer,Mushett,amushett98@vkontakte.ru,amushett98,4LlQnhH
Freddy,Kelmere,fkelmere99@npr.org,fkelmere99,pGz0NCXR
Nanni,Gulleford,ngulleford9a@yellowpages.com,ngulleford9a,TA7ijjIs8
Winthrop,Meehan,wmeehan9b@oaic.gov.au,wmeehan9b,tyQJEW2htpUg
Liam,Hedylstone,lhedylstone9c@eventbrite.com,lhedylstone9c,j98FbYqzS
Hatty,Shea,hshea9d@ebay.com,hshea9d,B9cVmKbp
Carlotta,Carnell,ccarnell9e@umn.edu,ccarnell9e,ybEnSrR5
Rey,Flintoft,rflintoft9f@virginia.edu,rflintoft9f,o5N79MW
Francklin,Ditchfield,fditchfield9g@spotify.com,fditchfield9g,N9kxAte1Hqes
Anneliese,Alexandersen,aalexandersen9h@tripod.com,aalexandersen9h,B7IRb1d6
Forester,Gratland,fgratland9i@deviantart.com,fgratland9i,TDKesg8GYpCS
Brittney,Cella,bcella9j@mashable.com,bcella9j,PRDOp2uu86
Lauree,Philpot,lphilpot9k@desdev.cn,lphilpot9k,HGLUUif
Raddy,Cubuzzi,rcubuzzi9l@smugmug.com,rcubuzzi9l,ZaXHJJMs
Kerstin,Alexandersen,kalexandersen9m@so-net.ne.jp,kalexandersen9m,FESZiUibw
Silvana,Siret,ssiret9n@facebook.com,ssiret9n,WFeQbcshkJxu
Dilly,Landes,dlandes9o@blogtalkradio.com,dlandes9o,RF48HI
Odelinda,Breissan,obreissan9p@usatoday.com,obreissan9p,0TAVPrdkctCO
Shane,Saulter,ssaulter9q@chron.com,ssaulter9q,Oxnlwa
Oralee,Franzotto,ofranzotto9r@discuz.net,ofranzotto9r,NSGdgx
Andriana,Fancet,afancet9s@answers.com,afancet9s,ZCN5zXIwQ3D
Antons,Mingus,amingus9t@thetimes.co.uk,amingus9t,A7IA0ac
Joby,Biggam,jbiggam9u@weather.com,jbiggam9u,e4h55VDOB
Georas,Essam,gessam9v@domainmarket.com,gessam9v,IcovHbM
Brandea,Valti,bvalti9w@cisco.com,bvalti9w,mxMk4uS3zkP9
Jeremy,Edworthye,jedworthye9x@opensource.org,jedworthye9x,BaXO3nmeXk7I
Orland,Ornillos,oornillos9y@addthis.com,oornillos9y,bQYDgNu8QcSe
Terza,Guynemer,tguynemer9z@blogtalkradio.com,tguynemer9z,vHPqhwP9
Alexandro,Haresnape,aharesnapea0@desdev.cn,aharesnapea0,K07ZvnwOyOPA
Jesselyn,Vogeler,jvogelera1@bizjournals.com,jvogelera1,5uhsri
Annabal,Losseljong,alosseljonga2@cyberchimps.com,alosseljonga2,v00U4bN
Salvatore,Bambrugh,sbambrugha3@oakley.com,sbambrugha3,vAcLpf
Wandis,Fender,wfendera4@businessinsider.com,wfendera4,0Xf3FQ9eKly
Tedd,Baldcock,tbaldcocka5@disqus.com,tbaldcocka5,CdTmRy
Rhys,Dobrowlski,rdobrowlskia6@123-reg.co.uk,rdobrowlskia6,mZ1OFi
Colas,Bland,cblanda7@icio.us,cblanda7,p9Ys6v
Robina,Linfield,rlinfielda8@scribd.com,rlinfielda8,Mt9SPqppuo
Kali,Kirgan,kkirgana9@geocities.jp,kkirgana9,G7UcBnLorOmy
Pandora,Warrick,pwarrickaa@blogs.com,pwarrickaa,fRL8OEN
Darlene,Americi,damericiab@time.com,damericiab,98VAGqytJG
Gabi,Harford,gharfordac@shareasale.com,gharfordac,ejvCaxSHoYQ9
Tris,Saturley,tsaturleyad@usnews.com,tsaturleyad,INOAukoZGTZ
Matilde,Narraway,mnarrawayae@alibaba.com,mnarrawayae,iVQ6tU
Sammy,Albany,salbanyaf@discovery.com,salbanyaf,blaz7uyevI
Rodger,Grafhom,rgrafhomag@epa.gov,rgrafhomag,TTxnXP
Gwynne,Phillimore,gphillimoreah@clickbank.net,gphillimoreah,4PK4zzwb8w
Batsheva,Gilks,bgilksai@youtu.be,bgilksai,aYk7CZtR8
Emmalynn,Conkay,econkayaj@e-recht24.de,econkayaj,3olG1bXa
Cletus,Collinge,ccollingeak@1und1.de,ccollingeak,hstQN4KcNZcP
Andrew,Bestwick,abestwickal@wikipedia.org,abestwickal,GPfexpYlo2aK
Emalee,Graeber,egraeberam@elpais.com,egraeberam,YJXQ9jNl2rwH
Laughton,Jandl,ljandlan@oracle.com,ljandlan,9aEhuRqi
Shepherd,Baddow,sbaddowao@eventbrite.com,sbaddowao,I0rThZeyxzWW
Milissent,Sebert,msebertap@elegantthemes.com,msebertap,nFqd10AUFS
Eldredge,Arlow,earlowaq@addtoany.com,earlowaq,IpF0hw9ML
Morgun,Mattussevich,mmattussevichar@va.gov,mmattussevichar,87qEEMlioj6
Errick,Sayer,esayeras@xinhuanet.com,esayeras,e7LYkGF7Xpp5
Rosella,Yakovitch,ryakovitchat@kickstarter.com,ryakovitchat,8rtmACj3ZT
Bernardina,Tomini,btominiau@twitter.com,btominiau,jyXWOAj4Kb
Abbott,Taggett,ataggettav@army.mil,ataggettav,DvXz0m6
Tandie,Finby,tfinbyaw@bigcartel.com,tfinbyaw,JePPLvzNCa3
Stafani,Walrond,swalrondax@telegraph.co.uk,swalrondax,vCJNgpYHQa
Elihu,Dorsey,edorseyay@amazon.co.uk,edorseyay,fhf4IXDL4DR
Randal,Schoffel,rschoffelaz@shareasale.com,rschoffelaz,jRMvAV7
Jamima,Tungay,jtungayb0@indiegogo.com,jtungayb0,pza632jbie
Helge,Heisham,hheishamb1@hubpages.com,hheishamb1,xPONu2C
Rosabella,McSperron,rmcsperronb2@answers.com,rmcsperronb2,O1fnzc
Gael,Estcot,gestcotb3@360.cn,gestcotb3,pO7HWffNbqL
Mona,Ditty,mdittyb4@sitemeter.com,mdittyb4,UBDd7tQqpp
Brigg,Dautry,bdautryb5@360.cn,bdautryb5,wXOzdRWRy
Cody,Robe,crobeb6@booking.com,crobeb6,R0U70vdn
Feodor,MacPherson,fmacphersonb7@facebook.com,fmacphersonb7,BPdJsRP
Hugibert,Myrick,hmyrickb8@opensource.org,hmyrickb8,4FXIictPc1wF
Cyndie,Shillom,cshillomb9@ehow.com,cshillomb9,W6B3kuvKdaWD
Nerta,Gissop,ngissopba@samsung.com,ngissopba,61fNH9FrDyA
Tedra,Felkin,tfelkinbb@bravesites.com,tfelkinbb,8wuWIGUhKub1
Farlay,Ragot,fragotbc@slideshare.net,fragotbc,nQYGW6
Franky,Pascow,fpascowbd@freewebs.com,fpascowbd,AsteJtZNRy
Gregoire,Engeham,gengehambe@reference.com,gengehambe,MXurk14WYN
Thibaud,Vallis,tvallisbf@lulu.com,tvallisbf,c6k80CxEnE
Ellene,Crates,ecratesbg@delicious.com,ecratesbg,PCtaDMtxs
Tamra,Rillatt,trillattbh@ocn.ne.jp,trillattbh,hrrX4YCy7
Max,Franzen,mfranzenbi@loc.gov,mfranzenbi,xyaSr0AV
Garwin,Padgham,gpadghambj@sina.com.cn,gpadghambj,tauYMdvK
Bay,Areles,barelesbk@hatena.ne.jp,barelesbk,7gfqteXt
Ruthe,Band,rbandbl@clickbank.net,rbandbl,UA7R4bQRk
Flor,Selwyn,fselwynbm@apache.org,fselwynbm,uZkXD6ud
Hebert,Wolfenden,hwolfendenbn@instagram.com,hwolfendenbn,2BwPTqX42K47
Leeanne,Meltetal,lmeltetalbo@mlb.com,lmeltetalbo,fp5xXdk
Wayland,Moughtin,wmoughtinbp@mediafire.com,wmoughtinbp,woBjyNFTGu
Seline,Gilchriest,sgilchriestbq@e-recht24.de,sgilchriestbq,vvjudjUHWXRN
Tallie,Gerard,tgerardbr@hibu.com,tgerardbr,I26iwR
Ester,Parrott,eparrottbs@issuu.com,eparrottbs,R12wTqW
Danella,Plumbridge,dplumbridgebt@live.com,dplumbridgebt,swJekV73VI
Elisa,Brine,ebrinebu@naver.com,ebrinebu,bhC0PFdT
Maia,Loadsman,mloadsmanbv@ow.ly,mloadsmanbv,8q6H223b
Ulrike,Tinwell,utinwellbw@wsj.com,utinwellbw,MIt0yORc
Ives,Antrack,iantrackbx@amazonaws.com,iantrackbx,Jd1KcAzJ80j
Gerardo,Tuffin,gtuffinby@blog.com,gtuffinby,vbsYL9AiSN
Marys,Vidyapin,mvidyapinbz@princeton.edu,mvidyapinbz,XPwC2tNv3B
Irita,Mullins,imullinsc0@patch.com,imullinsc0,IwzgRn
Zsazsa,Duke,zdukec1@tripod.com,zdukec1,b7ZuAUOZYYkG
Burk,Laurent,blaurentc2@aol.com,blaurentc2,fTj2VSszXqlM
Linell,Bartosik,lbartosikc3@blinklist.com,lbartosikc3,j8UBWi
Solomon,Brownsmith,sbrownsmithc4@mail.ru,sbrownsmithc4,vmVsMHBR
Cleavland,Service,cservicec5@reuters.com,cservicec5,AEzayDJMz
Liesa,Inchbald,linchbaldc6@google.cn,linchbaldc6,1FE0Cll0
Atlante,Bettam,abettamc7@wikimedia.org,abettamc7,ju4oCMBoEw
Colleen,Lightollers,clightollersc8@baidu.com,clightollersc8,91Male
Archibald,Rangeley,arangeleyc9@discovery.com,arangeleyc9,zxtPj2jMeGY
Lelia,Jaggi,ljaggica@gravatar.com,ljaggica,KpmfwuV
Izaak,Burchess,iburchesscb@ow.ly,iburchesscb,ZhDvxW
Herminia,Dale,hdalecc@google.com.au,hdalecc,4iMpT2uMu
Ancell,Shadfourth,ashadfourthcd@blogtalkradio.com,ashadfourthcd,tn60Wtoqvc
Nealon,Gerdts,ngerdtsce@nba.com,ngerdtsce,t6UWRSs
Giusto,Klimas,gklimascf@unesco.org,gklimascf,Rj7qMkrND
Mattie,Plain,mplaincg@answers.com,mplaincg,QTRKhh
Adorne,Corzor,acorzorch@telegraph.co.uk,acorzorch,kXwzQ6
Lurlene,Terlinden,lterlindenci@moonfruit.com,lterlindenci,ksnq9cYyQ
Othelia,Rubel,orubelcj@livejournal.com,orubelcj,TbSclf0C4Q
Dulcinea,Harold,dharoldck@japanpost.jp,dharoldck,FJ49dAXhZO
Jania,Barth,jbarthcl@dailymail.co.uk,jbarthcl,mSWJ9ip
Fairfax,Jiruch,fjiruchcm@tiny.cc,fjiruchcm,W9h3pcdg0
Nollie,Rosa,nrosacn@cargocollective.com,nrosacn,fwdocjwXzqFE
Celia,Cerie,ccerieco@jalbum.net,ccerieco,3ei2wPwHvnQM
Tory,Ryburn,tryburncp@meetup.com,tryburncp,eDkbLEVKMU
Norbert,Lyfield,nlyfieldcq@skyrock.com,nlyfieldcq,5UkZoYABiI
Dore,Tremolieres,dtremolierescr@google.cn,dtremolierescr,styiN0
Agneta,Freezer,afreezercs@google.com.hk,afreezercs,4P3NZUglF3a
Alanson,Jeenes,ajeenesct@fema.gov,ajeenesct,hUMxAbn
Roderich,Coggin,rcoggincu@angelfire.com,rcoggincu,U4MJzWjBwyB
Wileen,Twelvetrees,wtwelvetreescv@senate.gov,wtwelvetreescv,urMh1SKvkS
Tamqrah,Knottley,tknottleycw@blinklist.com,tknottleycw,PzSHk6fNS
Gabrila,Temlett,gtemlettcx@examiner.com,gtemlettcx,3t1uIWx
Corri,O'Codihie,cocodihiecy@xrea.com,cocodihiecy,XqW3cCisQ
Deana,Thon,dthoncz@examiner.com,dthoncz,IVCXIi4jC64e
Lek,Warden,lwardend0@macromedia.com,lwardend0,XxQEVuPCHY
Quinn,Gooddy,qgooddyd1@barnesandnoble.com,qgooddyd1,sR7fX0
Haroun,Faust,hfaustd2@biglobe.ne.jp,hfaustd2,pRuwdiG
Molli,Manon,mmanond3@dot.gov,mmanond3,9BsajfGfeLOt
Tamar,Iacovides,tiacovidesd4@mapquest.com,tiacovidesd4,mg18ktcnkn
Therese,Elven,telvend5@foxnews.com,telvend5,dSzStIaoS0C
Coralie,Fransson,cfranssond6@home.pl,cfranssond6,rhd1rrxc
Lani,Bowland,lbowlandd7@unesco.org,lbowlandd7,gPMKjhyz
Philippine,Copozio,pcopoziod8@berkeley.edu,pcopoziod8,xgetA6Nu
Dewitt,Ings,dingsd9@salon.com,dingsd9,2LqvOQ
Shelli,Chase,schaseda@delicious.com,schaseda,KPreN5oe
Sayre,Haggleton,shaggletondb@dedecms.com,shaggletondb,cOFbzSja
Almeta,Threadkell,athreadkelldc@devhub.com,athreadkelldc,uSDv6ZyWir
Cleavland,Cheke,cchekedd@cbsnews.com,cchekedd,2EBkEso
Eloisa,Christensen,echristensende@ovh.net,echristensende,EFfRt6
Timmie,Balchen,tbalchendf@squarespace.com,tbalchendf,VQnYFYV
Jarrett,Follos,jfollosdg@github.com,jfollosdg,Pmmkkck
Larina,Edginton,ledgintondh@noaa.gov,ledgintondh,8eOTEm
Jeremie,Luckey,jluckeydi@wikimedia.org,jluckeydi,CClDtuThH
Yul,Mattityahou,ymattityahoudj@un.org,ymattityahoudj,03xsNC120mx
Leah,MacKellar,lmackellardk@cornell.edu,lmackellardk,2WmMFpGXkhQ
Isadore,Mc Elory,imcelorydl@craigslist.org,imcelorydl,2UM133Sr4r0m
Kelsey,Wedlock,kwedlockdm@stanford.edu,kwedlockdm,6SM6KqQmAJ
Chrissy,Josland,cjoslanddn@linkedin.com,cjoslanddn,2KGUp2ino7
Norine,Zealey,nzealeydo@cbslocal.com,nzealeydo,X7vf3WnNZ
Millie,Biner,mbinerdp@utexas.edu,mbinerdp,RNzNspaNenN
Ilka,MacQuarrie,imacquarriedq@shop-pro.jp,imacquarriedq,F1kYQ2At
Ceil,Breed,cbreeddr@psu.edu,cbreeddr,cVpR1jmJuO
Yankee,Edgell,yedgellds@bloglovin.com,yedgellds,ee5UZtpwldD
Rafaelia,Bembrick,rbembrickdt@ox.ac.uk,rbembrickdt,jDcQJR
Tera,Dillestone,tdillestonedu@foxnews.com,tdillestonedu,8nxQ20ZuqO5e
Beverie,Fairbourne,bfairbournedv@sciencedaily.com,bfairbournedv,qz0UiF4hRT
Rhoda,Charville,rcharvilledw@walmart.com,rcharvilledw,Jbm7r8Vn
Frasco,Graves,fgravesdx@mlb.com,fgravesdx,5HGjo0
Harv,Dwine,hdwinedy@multiply.com,hdwinedy,mxh00fU4
Lorianne,Orrom,lorromdz@wikipedia.org,lorromdz,NbpdnLUfMe
Shaylynn,Widdowes,swiddowese0@cbc.ca,swiddowese0,pebf5g
Rainer,Bau,rbaue1@weebly.com,rbaue1,TKn4bOsmTRx
Addia,Medmore,amedmoree2@mozilla.com,amedmoree2,1MiAMvPud6J
Cristionna,Flewan,cflewane3@geocities.com,cflewane3,QteRgBN72QeA
Axel,Robertazzi,arobertazzie4@mit.edu,arobertazzie4,DNRfyMD4
Penrod,Dehmel,pdehmele5@oakley.com,pdehmele5,Z3CuUzVXCm
Gallard,Adriano,gadrianoe6@deliciousdays.com,gadrianoe6,eBZRQTZ
Beau,Beadnall,bbeadnalle7@cbsnews.com,bbeadnalle7,esI55wa
Bibi,McPaike,bmcpaikee8@canalblog.com,bmcpaikee8,4c2xkMSV74KO
Anselm,Schurcke,aschurckee9@woothemes.com,aschurckee9,moEM8Dr2TGs
Henriette,Grahl,hgrahlea@woothemes.com,hgrahlea,JLOZB8Dsm19C
Flss,McCue,fmccueeb@de.vu,fmccueeb,uCCngH
Gorden,Kemwall,gkemwallec@ehow.com,gkemwallec,Khe79g1
Hannie,Bilby,hbilbyed@meetup.com,hbilbyed,JpUuU9a84pX
Mohandas,Lampert,mlampertee@omniture.com,mlampertee,rC5VUxL
Mariska,Kimbrey,mkimbreyef@fotki.com,mkimbreyef,rCCreO
Aarika,Henken,ahenkeneg@dropbox.com,ahenkeneg,kiBN7iaL27EH
Kara-lynn,Vowden,kvowdeneh@senate.gov,kvowdeneh,vUEaMIza9tT
Cathyleen,Hadenton,chadentonei@digg.com,chadentonei,KjdvZaEa4
Bertie,Cundey,bcundeyej@google.com.br,bcundeyej,CHIOlhWJbZj
Jeanne,Pittock,jpittockek@photobucket.com,jpittockek,wmd4TpL0
Alfonse,Dannehl,adannehlel@angelfire.com,adannehlel,HzLDcpRYHGGi
Ollie,Goult,ogoultem@e-recht24.de,ogoultem,BKIg5jgrqkbF
Danielle,Reichhardt,dreichhardten@infoseek.co.jp,dreichhardten,HgQoaf
Julie,Gammet,jgammeteo@senate.gov,jgammeteo,Xxx9lEaD4qKI
Radcliffe,Muzzillo,rmuzzilloep@blinklist.com,rmuzzilloep,9nmxl5z
Olenka,Lowdes,olowdeseq@devhub.com,olowdeseq,HAGlhZnL2
Mona,Deevey,mdeeveyer@youku.com,mdeeveyer,YKrNaEXbS
Reese,Sailer,rsaileres@skyrock.com,rsaileres,mo3T42blWmzx
Josy,Rebanks,jrebankset@weather.com,jrebankset,Thx5r4m
Nananne,Sprott,nsprotteu@nih.gov,nsprotteu,7Tz6tXZ
Fons,Habishaw,fhabishawev@cnbc.com,fhabishawev,2wxp5Cergk
Iggie,Golda,igoldaew@army.mil,igoldaew,zYfOt9tQYkk
Cheston,Barber,cbarberex@artisteer.com,cbarberex,r1Lujte1v1
Ann,Jurczyk,ajurczykey@dailymotion.com,ajurczykey,1MmG6E
Rivy,Trever,rtreverez@trellian.com,rtreverez,GI9EeDsO
Milo,Twohig,mtwohigf0@histats.com,mtwohigf0,geFlhEYj
Ambrosi,Vasenkov,avasenkovf1@washington.edu,avasenkovf1,LlVIV49AP
Gothart,Ziems,gziemsf2@mapy.cz,gziemsf2,HenZ67VOS
Carmelina,MacConnell,cmacconnellf3@pbs.org,cmacconnellf3,aBxUwQ
Germaine,Chafer,gchaferf4@tripod.com,gchaferf4,JjrBUQmu0t7u
Merrel,Manske,mmanskef5@jigsy.com,mmanskef5,rwFafLfEUve
Stephenie,Fillan,sfillanf6@free.fr,sfillanf6,gFIAnEHG
Wait,Iredell,wiredellf7@bluehost.com,wiredellf7,unsnwazjh
Krystal,Crilley,kcrilleyf8@com.com,kcrilleyf8,lv6NrSv
Darla,Clapp,dclappf9@wikimedia.org,dclappf9,yIN3uoO8TIM
Demetria,Noddles,dnoddlesfa@blogger.com,dnoddlesfa,v70Qbm5
Kayla,Steuart,ksteuartfb@yellowbook.com,ksteuartfb,zFRhatcZWV
Falkner,Lindberg,flindbergfc@narod.ru,flindbergfc,uJnPJTSH3
Rustie,Ismail,rismailfd@alibaba.com,rismailfd,V2ZWOZM3n
Hartley,MacGowan,hmacgowanfe@sina.com.cn,hmacgowanfe,7OFpCFb3to3
Iver,Viste,ivisteff@hostgator.com,ivisteff,tIU0Jsffek
Tove,Meeson,tmeesonfg@accuweather.com,tmeesonfg,AEGcpEWQmy
Roze,Annice,rannicefh@barnesandnoble.com,rannicefh,kEZRmLYXlFF
Caspar,Breach,cbreachfi@reference.com,cbreachfi,CSv41H42sbRX
Gaynor,Loughman,gloughmanfj@upenn.edu,gloughmanfj,zmAT1XEva3v
Babita,Murrock,bmurrockfk@irs.gov,bmurrockfk,05dyJc
Lexi,Salthouse,lsalthousefl@issuu.com,lsalthousefl,g90twawIsq
Valene,Blockwell,vblockwellfm@psu.edu,vblockwellfm,gfwtirY
Kass,Pinckard,kpinckardfn@zimbio.com,kpinckardfn,tzxYBA
Amandi,Fayne,afaynefo@amazon.de,afaynefo,cqzPnBTlRuoG
Julieta,Neasham,jneashamfp@nbcnews.com,jneashamfp,TdJTps
Harrietta,Sleaford,hsleafordfq@un.org,hsleafordfq,Uvvyto8tfKn
Gustav,Wigsell,gwigsellfr@multiply.com,gwigsellfr,zNab2sjMn
Leon,Dawdary,ldawdaryfs@mozilla.com,ldawdaryfs,fHpetJwaV
Berk,Squier,bsquierft@auda.org.au,bsquierft,QkSSqo
Mariann,Reedshaw,mreedshawfu@oracle.com,mreedshawfu,MxPcTP3u
Salaidh,De Goey,sdegoeyfv@un.org,sdegoeyfv,oHytwcC2i
Marta,Aizkovitch,maizkovitchfw@slashdot.org,maizkovitchfw,xo0PJpC
Evelina,Lideard,elideardfx@paginegialle.it,elideardfx,BdIpEOx
Anett,Gilbride,agilbridefy@seattletimes.com,agilbridefy,J1a2O2M
Isabelle,Jolliman,ijollimanfz@google.cn,ijollimanfz,tbyoLYZOHEw
Olenolin,Osbidston,oosbidstong0@barnesandnoble.com,oosbidstong0,c90bMHgV
Cathee,Lentsch,clentschg1@narod.ru,clentschg1,Ej5gN2wHorUn
Linnie,Briance,lbrianceg2@hp.com,lbrianceg2,aOMZvZm1Vcs
Gussy,Livings,glivingsg3@wikispaces.com,glivingsg3,li50u6JX
Lorrin,Brelsford,lbrelsfordg4@slashdot.org,lbrelsfordg4,zTDpOMfkWx5c
Moll,Andryunin,mandryuning5@deliciousdays.com,mandryuning5,4BHkmGy7s
Nil,Jarrette,njarretteg6@washingtonpost.com,njarretteg6,2o1Nfp
Marnia,Guidoni,mguidonig7@ucoz.com,mguidonig7,oqAHXq
Olin,Bampton,obamptong8@sourceforge.net,obamptong8,gEcbhajU
Yulma,Lesslie,ylesslieg9@thetimes.co.uk,ylesslieg9,FfPXd9bYGAMz
Angus,Stedman,astedmanga@ca.gov,astedmanga,xOLBYfuEQeF
Lesley,Kennet,lkennetgb@blog.com,lkennetgb,arknA32Qgtx
Loise,Rouzet,lrouzetgc@army.mil,lrouzetgc,a3S9xDWpR
Ernest,Splaven,esplavengd@csmonitor.com,esplavengd,jXN3sw
Haily,Probets,hprobetsge@hubpages.com,hprobetsge,dMnjmopYKySM
Emmet,Tubridy,etubridygf@photobucket.com,etubridygf,Nb6H09879x
Letisha,Lenox,llenoxgg@free.fr,llenoxgg,Tp7V5I8
Sterling,Coopman,scoopmangh@wufoo.com,scoopmangh,mx0vriinV
Theodor,De Domenici,tdedomenicigi@uiuc.edu,tdedomenicigi,S2bj3XE
Dody,Lockhead,dlockheadgj@wunderground.com,dlockheadgj,nhRXfz7CCgwo
Inness,Orteau,iorteaugk@wikipedia.org,iorteaugk,NEcNGT
Ferdinande,Asals,fasalsgl@ucoz.com,fasalsgl,ZCT5tG5
Kalle,Spilstead,kspilsteadgm@arizona.edu,kspilsteadgm,uMLfN9
Thomas,Mottershead,tmottersheadgn@elegantthemes.com,tmottersheadgn,dlP1YiLEfh
Wald,Rive,wrivego@mail.ru,wrivego,fJ69POn
Becca,Hartless,bhartlessgp@cbc.ca,bhartlessgp,Wmucm8omc8
Barney,Ferrick,bferrickgq@smh.com.au,bferrickgq,pcGzoitIAf
Israel,Drabble,idrabblegr@uol.com.br,idrabblegr,ngM9VDNiWEyQ
Ava,Bottomore,abottomoregs@dagondesign.com,abottomoregs,gaXYXLX
Ferrel,Mabbs,fmabbsgt@skype.com,fmabbsgt,NQP1Ll5S6Jp8
Aloysia,Devereu,adevereugu@youku.com,adevereugu,1HASRM
Danice,Kidde,dkiddegv@mediafire.com,dkiddegv,0HM261a8PfrZ
Hephzibah,Brassill,hbrassillgw@mlb.com,hbrassillgw,7Q6WedTJc
Daveen,Tomaschke,dtomaschkegx@simplemachines.org,dtomaschkegx,oZird7NJ
Correy,Rosenfelder,crosenfeldergy@pen.io,crosenfeldergy,7GrwQ5
Reuben,Digginson,rdigginsongz@shutterfly.com,rdigginsongz,H6uCMkg
Cherry,Flatman,cflatmanh0@amazon.co.uk,cflatmanh0,mgLkisalU3
Dante,Drepp,ddrepph1@newyorker.com,ddrepph1,pLSJN9H
Loise,Sawyers,lsawyersh2@behance.net,lsawyersh2,x2zPX0RFzK
Terrel,Lyokhin,tlyokhinh3@ft.com,tlyokhinh3,jgHUDGTSVPZw
Valencia,Duigan,vduiganh4@addthis.com,vduiganh4,P81qGelOiqi
Clarance,Jardine,cjardineh5@symantec.com,cjardineh5,6WMkAN7onTh
Lilas,Tamblyn,ltamblynh6@nhs.uk,ltamblynh6,jTO1ItMpnleE
Shana,Senett,ssenetth7@ft.com,ssenetth7,dFCdKimWSP
Marsh,Fantini,mfantinih8@usda.gov,mfantinih8,hYoyfb7h
Haleigh,Scrimshire,hscrimshireh9@technorati.com,hscrimshireh9,ujyaWu
Corly,Stanes,cstanesha@addtoany.com,cstanesha,oAtxaZLwD
Waiter,Gerger,wgergerhb@nsw.gov.au,wgergerhb,EHcek7fzg6b
Ame,Bradnam,abradnamhc@economist.com,abradnamhc,t1dhOC
Penni,Dakhno,pdakhnohd@tripod.com,pdakhnohd,YcWp8ND0
Maria,Adne,madnehe@google.ru,madnehe,GBocdV5zVM
Doe,Chellingworth,dchellingworthhf@hhs.gov,dchellingworthhf,ewftVMAPVkC
Corilla,Scullion,cscullionhg@cbslocal.com,cscullionhg,d8g2WpCAkAe
Florence,Espie,fespiehh@admin.ch,fespiehh,PFoi9ADxblV
Kati,Dullingham,kdullinghamhi@nyu.edu,kdullinghamhi,fcJQr76g
Gabriell,Biddle,gbiddlehj@webs.com,gbiddlehj,nlrdxS9jJ9sj
Staffard,Agerskow,sagerskowhk@dailymotion.com,sagerskowhk,qxM60Xd4543t
Huberto,Kolyagin,hkolyaginhl@dropbox.com,hkolyaginhl,l3ziKZTgmOH
Nealson,Beers,nbeershm@trellian.com,nbeershm,FQt4ct2BKJ
Kelley,Hamon,khamonhn@artisteer.com,khamonhn,8nMqOIilvM6
Hildegaard,Elwill,helwillho@senate.gov,helwillho,dHpPRACK0
Sunny,Heare,shearehp@smh.com.au,shearehp,HT1n0qXiTw
Shepherd,Palatino,spalatinohq@shutterfly.com,spalatinohq,NuWQThr92WL
Mavra,Dalziel,mdalzielhr@who.int,mdalzielhr,bEVu0HZuas7Y
Otho,Skeemer,oskeemerhs@vistaprint.com,oskeemerhs,cDsKsnE
Dudley,Littlepage,dlittlepageht@tmall.com,dlittlepageht,XL4rGUaD8SxX
Kirk,Kennerknecht,kkennerknechthu@1688.com,kkennerknechthu,pSwXin
Robena,Guyver,rguyverhv@berkeley.edu,rguyverhv,eiuOWbhrEZHb
Hew,Mulliner,hmullinerhw@sciencedaily.com,hmullinerhw,W0WobHdCbjg
Culley,Benner,cbennerhx@liveinternet.ru,cbennerhx,ziDUblVjwExo
Hilly,Maher,hmaherhy@ustream.tv,hmaherhy,UbgPgj1Mbla
Sheffield,Savidge,ssavidgehz@php.net,ssavidgehz,17zse4
Angeli,Sedgman,asedgmani0@dmoz.org,asedgmani0,jQCpoJb
Mitchael,Gillinghams,mgillinghamsi1@ed.gov,mgillinghamsi1,rTlXarUXz
Dorotea,Cockaday,dcockadayi2@reference.com,dcockadayi2,VUp0Zckrb
Donny,Van der Velde,dvanderveldei3@instagram.com,dvanderveldei3,rVtJkwaKw
Arabella,Rash,arashi4@pen.io,arashi4,ND3bwMK
Pia,Jayume,pjayumei5@bravesites.com,pjayumei5,cZ8pAUOWqHBE
Hershel,MacDonough,hmacdonoughi6@yahoo.com,hmacdonoughi6,byhueEneb
Willi,Reignard,wreignardi7@1und1.de,wreignardi7,xnm5VvzbfIt
Garwin,Wasmuth,gwasmuthi8@github.com,gwasmuthi8,wWUSqHMvYAC
Lynnelle,Eastgate,leastgatei9@ihg.com,leastgatei9,wVOOs0t
Griff,Di Ruggiero,gdiruggieroia@tumblr.com,gdiruggieroia,6tsRb7XqGIr
Thebault,Surgener,tsurgenerib@barnesandnoble.com,tsurgenerib,pUeVHDYFr
Koenraad,Tolhurst,ktolhurstic@spiegel.de,ktolhurstic,b5ODEj6W
Louella,Cook,lcookid@netvibes.com,lcookid,Zj85w6
Man,Foxhall,mfoxhallie@ustream.tv,mfoxhallie,X7OqHi61S16X
Prentice,Cominello,pcominelloif@npr.org,pcominelloif,8kqFLo0
Inez,Shepherdson,ishepherdsonig@woothemes.com,ishepherdsonig,wMtTpnIp
Hadley,Busher,hbusherih@elegantthemes.com,hbusherih,3odt8cWgOaNo
Aridatha,De Filippis,adefilippisii@discuz.net,adefilippisii,dfqqv91CYIu
Deloris,Garrow,dgarrowij@google.cn,dgarrowij,J9uuEFMM
Theodosia,Neaves,tneavesik@skyrock.com,tneavesik,ngRydet
Jecho,Durban,jdurbanil@wikia.com,jdurbanil,VF50qH6K
Killian,Drakeley,kdrakeleyim@cbslocal.com,kdrakeleyim,XUqiSfuS
Rosana,Rubes,rrubesin@youku.com,rrubesin,jQR6VbYj
Amber,Hamilton,ahamiltonio@4shared.com,ahamiltonio,Q8wutQ
Mollie,O'Garmen,mogarmenip@tinypic.com,mogarmenip,ct0ayNFIl
Ced,Dominguez,cdomingueziq@ehow.com,cdomingueziq,jhusfAArAgeC
Emmit,Tonkes,etonkesir@reddit.com,etonkesir,71tVg7lodWy
Luelle,Abramovicz,labramoviczis@pen.io,labramoviczis,q9tLap10w
Jarrad,Blakeden,jblakedenit@opensource.org,jblakedenit,aIi7hLwnXw7U
Fredelia,Baldcock,fbaldcockiu@wordpress.com,fbaldcockiu,Ng05WHUVMaY
Berthe,Croxon,bcroxoniv@house.gov,bcroxoniv,a8SUdVp
Ronica,Vinas,rvinasiw@ucoz.com,rvinasiw,87C1NhqQPCjk
Teressa,Jaher,tjaherix@pcworld.com,tjaherix,aYRihdAh9Nt
Dillie,Esp,despiy@yolasite.com,despiy,LS6Ioh4
Sancho,Petrishchev,spetrishcheviz@cam.ac.uk,spetrishcheviz,uEHGiQoXvn8
Hermione,McElroy,hmcelroyj0@creativecommons.org,hmcelroyj0,mqQTZO
Augustus,Besnardeau,abesnardeauj1@amazon.com,abesnardeauj1,EwZc6Fr
Harlie,Lavalle,hlavallej2@usgs.gov,hlavallej2,t5JjOqMwC1o
Sigismondo,Peet,speetj3@diigo.com,speetj3,NEIPjPOz
Breanne,Lownes,blownesj4@baidu.com,blownesj4,Vtsq3j
Nessi,Kubyszek,nkubyszekj5@imgur.com,nkubyszekj5,Td2E5U8
Oates,Payn,opaynj6@paypal.com,opaynj6,f6aupKmx
Bernette,Jeans,bjeansj7@mapquest.com,bjeansj7,yB5EMS66Fi
Annmaria,Kersting,akerstingj8@csmonitor.com,akerstingj8,lqDRSdZj
Eward,Silkstone,esilkstonej9@samsung.com,esilkstonej9,KvQSPmY88
Patrizius,Pohling,ppohlingja@surveymonkey.com,ppohlingja,vneEYcXrG
Udale,Sims,usimsjb@amazonaws.com,usimsjb,Ip8G3I6COVF
Osmond,Duffil,oduffiljc@earthlink.net,oduffiljc,fl1yA595NzGX
Durand,Whyte,dwhytejd@free.fr,dwhytejd,BIDGFZh
Freddie,Bunch,fbunchje@smh.com.au,fbunchje,WuEICqSVzr
Babbie,Rigardeau,brigardeaujf@disqus.com,brigardeaujf,p8yBchrHISjk
Shirleen,Twiggs,stwiggsjg@about.me,stwiggsjg,dY3qkV5b
Peyton,Sandwith,psandwithjh@mail.ru,psandwithjh,QYaCWdtva20
Bank,Ledward,bledwardji@infoseek.co.jp,bledwardji,ucBVGN8njNr
Waverly,Haith,whaithjj@illinois.edu,whaithjj,3IhUUok0
Koral,Masurel,kmasureljk@opera.com,kmasureljk,pZJfAJRdHzFs
Libbie,Longmuir,llongmuirjl@unesco.org,llongmuirjl,hfwsRh
Pat,Morat,pmoratjm@opera.com,pmoratjm,orrwiplTEj0I
Gram,Stookes,gstookesjn@businessweek.com,gstookesjn,YWowKytVnKV
Edeline,Schruur,eschruurjo@reuters.com,eschruurjo,gklip8Z0Rp
Fernando,Littlepage,flittlepagejp@usa.gov,flittlepagejp,ZcQ9BphhI
Tova,MacQuaker,tmacquakerjq@paypal.com,tmacquakerjq,WOzGG9UhmVx
Mirabella,Thoma,mthomajr@intel.com,mthomajr,7PjekVmGCAgh
Cordie,Haycroft,chaycroftjs@geocities.com,chaycroftjs,qQFvzxXuZx
Ty,Boyson,tboysonjt@mtv.com,tboysonjt,ammSBJLJwtik
Turner,Proswell,tproswellju@cnbc.com,tproswellju,0ZvY3uqq
Rodney,Summersby,rsummersbyjv@bloglines.com,rsummersbyjv,nMBC4uchani
Euphemia,Wastall,ewastalljw@ocn.ne.jp,ewastalljw,SwxQp0aGFz
Ulla,Sennett,usennettjx@cpanel.net,usennettjx,cjYLmJQJUM
Flossy,Spadollini,fspadollinijy@geocities.jp,fspadollinijy,Q27Eu8aCAb
Colver,Runnacles,crunnaclesjz@telegraph.co.uk,crunnaclesjz,FgbxG1
Frankie,Spilisy,fspilisyk0@elegantthemes.com,fspilisyk0,IqMbeDkDH3zx
Gavrielle,Izac,gizack1@aol.com,gizack1,gQ6wRTNsi1
Yuri,Blas,yblask2@businessweek.com,yblask2,9hCqJrE7
Nancey,Bish,nbishk3@virginia.edu,nbishk3,nafg0PH
Nikita,McInteer,nmcinteerk4@stanford.edu,nmcinteerk4,CxQyZJv
Quentin,Strowlger,qstrowlgerk5@de.vu,qstrowlgerk5,qnbdjJpkupG
Boothe,Killelea,bkilleleak6@icq.com,bkilleleak6,JOLf1UUeLjmk
Barthel,Jozefowicz,bjozefowiczk7@seesaa.net,bjozefowiczk7,o1TOFhknqx0
Megen,Haylands,mhaylandsk8@ibm.com,mhaylandsk8,X0e3fgkcVM
Malissia,Barreau,mbarreauk9@qq.com,mbarreauk9,XpvxOkYZaP
Darell,Scading,dscadingka@symantec.com,dscadingka,0tWxWf7O9PM2
Wally,Pelham,wpelhamkb@census.gov,wpelhamkb,mLgW4t
Lauralee,Lesley,llesleykc@arizona.edu,llesleykc,KGCNiTIb
Bucky,Rainsbury,brainsburykd@cafepress.com,brainsburykd,GDBuppEK23w
Denys,Grennan,dgrennanke@cbsnews.com,dgrennanke,AHyus24I
Izzy,Junkinson,ijunkinsonkf@qq.com,ijunkinsonkf,2uV04v0QS
Ingaberg,Willoughby,iwilloughbykg@pinterest.com,iwilloughbykg,VMEHj8i
Cesare,Cardenas,ccardenaskh@addtoany.com,ccardenaskh,yba0awk
Rubia,Willicott,rwillicottki@networksolutions.com,rwillicottki,qJU9hNkFv
Georgeta,Benjefield,gbenjefieldkj@ft.com,gbenjefieldkj,S9yu5Ij
Christopher,Kalberer,ckalbererkk@google.co.jp,ckalbererkk,rwA9qEW
Joy,Eighteen,jeighteenkl@ezinearticles.com,jeighteenkl,ysIoS621DYW
Idalia,Hundy,ihundykm@twitter.com,ihundykm,xgNbCVCt
Reta,Cowpe,rcowpekn@stanford.edu,rcowpekn,cODcyB8
Marcella,Pottiphar,mpottipharko@yellowpages.com,mpottipharko,yiiLX1PHMI
Jozef,Magrane,jmagranekp@alexa.com,jmagranekp,Jf7MOjKdF5
Lorilyn,Dixson,ldixsonkq@youtu.be,ldixsonkq,XAK8SNBg4U
Lowe,Wetherick,lwetherickkr@opera.com,lwetherickkr,UhUxaPla9ed
Shepard,Dibnah,sdibnahks@miibeian.gov.cn,sdibnahks,bqQ3Op
Anson,Elnor,aelnorkt@homestead.com,aelnorkt,hiR6slLUO
Roderigo,Dunkinson,rdunkinsonku@answers.com,rdunkinsonku,vsLkBUEU3NwV
Allegra,de Verson,adeversonkv@1688.com,adeversonkv,UThosGYt6wX
Ravid,Murtell,rmurtellkw@1und1.de,rmurtellkw,t5iWyW6mWu
Hatti,Novill,hnovillkx@ucla.edu,hnovillkx,KbcL7w9Ty
Geno,Stevens,gstevensky@geocities.jp,gstevensky,O6klyPJga
Pernell,Mines,pmineskz@dmoz.org,pmineskz,DGGAa8Y
Dania,Wakefield,dwakefieldl0@sun.com,dwakefieldl0,QcGGWUcgp3
Tracie,Housbey,thousbeyl1@yellowbook.com,thousbeyl1,tHljmG1svw
Cecilia,Please,cpleasel2@dell.com,cpleasel2,mfuNEg
Isabel,Firle,ifirlel3@cbslocal.com,ifirlel3,ani1Jw3
Gleda,Benwell,gbenwelll4@guardian.co.uk,gbenwelll4,y4DEYbJA
Danie,Posten,dpostenl5@wufoo.com,dpostenl5,5fKJ0xfxp
Tracee,Gullivent,tgulliventl6@marketwatch.com,tgulliventl6,oNTTFj
Joana,Willett,jwillettl7@go.com,jwillettl7,AZnOV3
Terence,Caroll,tcarolll8@irs.gov,tcarolll8,UtHQQJJ
Dominique,Strood,dstroodl9@miibeian.gov.cn,dstroodl9,PxX8pVB2
Sasha,Robins,srobinsla@scribd.com,srobinsla,2G15M2WzV
Robers,Boyse,rboyselb@pagesperso-orange.fr,rboyselb,o7XqcINJ
Tracy,Alyonov,talyonovlc@mayoclinic.com,talyonovlc,6OqyQeMU4fm
Tobiah,Bourgourd,tbourgourdld@yelp.com,tbourgourdld,SPq79rt
Lacee,Goldspink,lgoldspinkle@imageshack.us,lgoldspinkle,G4rbC3S
Dyan,Greensides,dgreensideslf@samsung.com,dgreensideslf,AZxRxrm8p
Curran,Haws,chawslg@domainmarket.com,chawslg,UYo7x4b
Bab,Hartrick,bhartricklh@ftc.gov,bhartricklh,IhGAeB9sw
Kristyn,Saich,ksaichli@skype.com,ksaichli,GmCjsvflp
Fawn,Tobin,ftobinlj@amazonaws.com,ftobinlj,8otbKqq
Van,Dinnis,vdinnislk@pinterest.com,vdinnislk,pL1q5rHZK
Waring,Norwell,wnorwellll@hp.com,wnorwellll,LuIpa0
Vida,Antony,vantonylm@stumbleupon.com,vantonylm,qLqzQyZ6ey0W
Sukey,Syratt,ssyrattln@sbwire.com,ssyrattln,dAlOXQ
Lorelei,Yu,lyulo@bluehost.com,lyulo,omrzvV6
Flore,Gilfether,fgilfetherlp@google.it,fgilfetherlp,Yk6c8wcaz8
Candice,Cregg,ccregglq@etsy.com,ccregglq,VYdMMP6UML
Lindy,Borrill,lborrilllr@yellowbook.com,lborrilllr,SmyDGdZ
Aluino,Itzchaki,aitzchakils@drupal.org,aitzchakils,DPI9pwI4S
Asa,Haskew,ahaskewlt@spiegel.de,ahaskewlt,flk4uC
Kriste,Baulcombe,kbaulcombelu@shareasale.com,kbaulcombelu,h2Gp1z
Wolfie,Martschke,wmartschkelv@archive.org,wmartschkelv,B14TWAgWhkz
Staffard,Kuban,skubanlw@free.fr,skubanlw,V3LChz
Myrtia,Edge,medgelx@goo.ne.jp,medgelx,skByoCR
Dyann,Sparshatt,dsparshattly@alibaba.com,dsparshattly,EcH6CudnGl1M
Evie,Wraight,ewraightlz@typepad.com,ewraightlz,e8bNvTydrN
Galvan,Boutflour,gboutflourm0@dot.gov,gboutflourm0,kBn1kC4sv
Whitney,Bodham,wbodhamm1@ning.com,wbodhamm1,FL9HNipG
Waite,Petrovykh,wpetrovykhm2@goo.ne.jp,wpetrovykhm2,H9qyzR
Jobie,Simmonett,jsimmonettm3@sohu.com,jsimmonettm3,xQuxQD0tI
Jyoti,Antunez,jantunezm4@bloomberg.com,jantunezm4,NvdMbV
Weider,Chater,wchaterm5@stanford.edu,wchaterm5,q8OpZl3LKPS
Doloritas,Itzig,ditzigm6@wufoo.com,ditzigm6,GenlFYIkkgo
Colver,Linay,clinaym7@cnet.com,clinaym7,tW19fUfJc
Bobette,Cummings,bcummingsm8@nationalgeographic.com,bcummingsm8,80JZUT1UPRKA
Livvyy,Realy,lrealym9@businessinsider.com,lrealym9,qaW4kVtFzE
Derrik,Cordoba,dcordobama@hud.gov,dcordobama,E9Whmrgvn
Silvain,Horrell,shorrellmb@naver.com,shorrellmb,v14bLGQhsG8R
Dorie,Clare,dclaremc@netvibes.com,dclaremc,WOurzkMWq
Emilie,Temporal,etemporalmd@aboutads.info,etemporalmd,rxokpbEDQ9g
Ermin,Gigg,egiggme@symantec.com,egiggme,CbtAhCPMVu
Hercule,Othen,hothenmf@squidoo.com,hothenmf,5ZuDdSFgH
Auberon,Bimrose,abimrosemg@qq.com,abimrosemg,3IKPgE1pvTcz
Chad,Perschke,cperschkemh@sciencedirect.com,cperschkemh,jquRUt5QoxhU
Adelheid,Phelp,aphelpmi@wordpress.org,aphelpmi,APEP1zu
Jeannette,Fowler,jfowlermj@wordpress.org,jfowlermj,fs4aqRW
Ramsay,Noquet,rnoquetmk@bbc.co.uk,rnoquetmk,XURiul6dVVe
Bearnard,Brugsma,bbrugsmaml@163.com,bbrugsmaml,tk7dDJb9aN2R
Aluin,Topes,atopesmm@washingtonpost.com,atopesmm,ganF0QA
Chev,Caser,ccasermn@google.cn,ccasermn,aPJbDDLhm5
Howie,Frill,hfrillmo@godaddy.com,hfrillmo,YOqiB2s
Lissie,Nan Carrow,lnancarrowmp@wunderground.com,lnancarrowmp,S06eWIEa6
Luciana,Diggle,ldigglemq@webnode.com,ldigglemq,91BU2a
Gennie,Arpe,garpemr@ustream.tv,garpemr,7KUe1MeT0YYn
Kale,O' Molan,komolanms@go.com,komolanms,92X8QCYI
Gil,Andryunin,gandryuninmt@netscape.com,gandryuninmt,xLey49XDPNJ
Georgi,Gatherell,ggatherellmu@hexun.com,ggatherellmu,0MFrq3
Bucky,Yeell,byeellmv@naver.com,byeellmv,Vp5aOibZ
Toddie,Grut,tgrutmw@tripadvisor.com,tgrutmw,KVQMP53GasN
Durand,Bendall,dbendallmx@ed.gov,dbendallmx,fRIupJdJmL
Yolane,McMorran,ymcmorranmy@macromedia.com,ymcmorranmy,XyRcmplKH8CR
Tatum,Reily,treilymz@typepad.com,treilymz,LERjnUfd
Zulema,Lemasney,zlemasneyn0@tinypic.com,zlemasneyn0,gBoqLzoy
Cindelyn,Brager,cbragern1@google.de,cbragern1,wwXKb0wp8
Clifford,Myhan,cmyhann2@php.net,cmyhann2,PBl33a
Ashien,Windous,awindousn3@spotify.com,awindousn3,YvKFXSkK23El
Jarvis,Bywaters,jbywatersn4@about.com,jbywatersn4,R5OTiO3gD
Marice,Raffon,mraffonn5@freewebs.com,mraffonn5,ykDe1z6
Gladi,Dopson,gdopsonn6@wsj.com,gdopsonn6,MBslY1l
Zonnya,Maylam,zmaylamn7@slate.com,zmaylamn7,C6WKdyqD5
Georgeanne,Raithbie,graithbien8@github.com,graithbien8,ftbEU6pS71yf
Petronilla,Murby,pmurbyn9@instagram.com,pmurbyn9,66HkOjchDHu
Hughie,Dyet,hdyetna@who.int,hdyetna,7nTUuSuaut
Maurie,Posvner,mposvnernb@vinaora.com,mposvnernb,rtsVpPcceW
Roselia,Josilowski,rjosilowskinc@discuz.net,rjosilowskinc,oGp5Gx
Elyse,Chinnery,echinnerynd@cornell.edu,echinnerynd,p6vCSABD
Paulo,Kedward,pkedwardne@godaddy.com,pkedwardne,UqNyeVkgooLz
Jorie,Roakes,jroakesnf@drupal.org,jroakesnf,6Cner1lbtoWk
Dennison,Galtone,dgaltoneng@yolasite.com,dgaltoneng,kNKs1Z
Flynn,Dallywater,fdallywaternh@cyberchimps.com,fdallywaternh,h4KeSW3
Marcela,Kelleher,mkelleherni@vkontakte.ru,mkelleherni,pZ0Z7iAesk
Shayne,Castagnier,scastagniernj@geocities.jp,scastagniernj,KkkfrSpc3P
Jennine,Chestle,jchestlenk@ycombinator.com,jchestlenk,FlfJrz6jtkc
Jodee,Gaffon,jgaffonnl@oakley.com,jgaffonnl,1GNiQdLZKetz
Piper,Palomba,ppalombanm@ask.com,ppalombanm,wnwf7OUTbl0
Jade,Thynn,jthynnnn@scientificamerican.com,jthynnnn,4mH7OzbWVio
Drusie,Sponton,dspontonno@chron.com,dspontonno,ImgYhk
Ingelbert,Jewis,ijewisnp@flickr.com,ijewisnp,r7scSfERQ
Ellswerth,Larkins,elarkinsnq@wikimedia.org,elarkinsnq,Bow6M4rW
Ferrel,Randles,frandlesnr@infoseek.co.jp,frandlesnr,BIBoBfTNxU8
Belva,Crosthwaite,bcrosthwaitens@dell.com,bcrosthwaitens,0gLgNy4Wc
Sheila,Tregidgo,stregidgont@google.nl,stregidgont,UcftbI12a
Reuven,Hardaker,rhardakernu@statcounter.com,rhardakernu,klk6rJaF
Dorolice,Ahearne,dahearnenv@canalblog.com,dahearnenv,6FPNOa5h5qvS
Pietra,Doog,pdoognw@sciencedaily.com,pdoognw,c9eIpyuuRDk
Carlota,Urquhart,curquhartnx@virginia.edu,curquhartnx,BSv0tqpM36
Margarethe,Izzard,mizzardny@friendfeed.com,mizzardny,Ij0uoTDjVVs
Abner,Skeath,askeathnz@flickr.com,askeathnz,SKfAIU
Kassie,Kershow,kkershowo0@youtu.be,kkershowo0,W9mQEl7YVp
Cazzie,Mattessen,cmattesseno1@ed.gov,cmattesseno1,UZnq1a8uvIOV
Lorant,Cecere,lcecereo2@msn.com,lcecereo2,TbU96A
Ginelle,Norheny,gnorhenyo3@sun.com,gnorhenyo3,TPbgA4GKIWEF
Channa,Cruickshank,ccruickshanko4@freewebs.com,ccruickshanko4,LkoQAx21D
Lowe,Yapp,lyappo5@virginia.edu,lyappo5,cIz4OyOFk1E
Elset,Polycote,epolycoteo6@gov.uk,epolycoteo6,hqzivG
Lane,Blumsom,lblumsomo7@biglobe.ne.jp,lblumsomo7,d0cKXPM
Roberto,Penkethman,rpenkethmano8@wikimedia.org,rpenkethmano8,XI9o7q16QRj
Storm,Getsham,sgetshamo9@t-online.de,sgetshamo9,ErEnvxONRA
Fernando,Vida,fvidaoa@boston.com,fvidaoa,DMb96VCwyYq
Horatia,Hatry,hhatryob@sciencedirect.com,hhatryob,nfGBnuF0dC
Zeke,Bramhill,zbramhilloc@java.com,zbramhilloc,TarL1o
Micah,Naldrett,mnaldrettod@illinois.edu,mnaldrettod,AUywLy62FF1
Teirtza,Armistead,tarmisteadoe@discovery.com,tarmisteadoe,RiUGzcXS
Aldous,Hassey,ahasseyof@cnbc.com,ahasseyof,9iUpITyhwMR
Marleah,Cundy,mcundyog@indiegogo.com,mcundyog,JtDYLVx
Florinda,Tampion,ftampionoh@photobucket.com,ftampionoh,FiAj4hUa8E0
Irvine,Pappin,ipappinoi@vistaprint.com,ipappinoi,4AwpXzj0xlyg
Nana,Davie,ndavieoj@sina.com.cn,ndavieoj,1QIo6vqBQAWS
Gavrielle,Silver,gsilverok@com.com,gsilverok,PxUp9dgu
Sascha,Gurys,sgurysol@cargocollective.com,sgurysol,ARX0kR1yzpU
Dona,Pawlicki,dpawlickiom@fda.gov,dpawlickiom,rHVu3EMQL0JR
Nikolos,Castellaccio,ncastellaccioon@si.edu,ncastellaccioon,qSAZHLW0
Caspar,Britch,cbritchoo@go.com,cbritchoo,D5zIOGRpM
Hedwig,Blowne,hblowneop@unicef.org,hblowneop,aA3daBs
Ilysa,Borzoni,iborzonioq@reference.com,iborzonioq,Zc9dJmYhhl1
Sinclare,Astle,sastleor@pen.io,sastleor,vooRtOtWFmFz
Car,Weetch,cweetchos@hatena.ne.jp,cweetchos,UjjYdsIo
Morgun,Crombie,mcrombieot@tumblr.com,mcrombieot,WKry0Qpyg6
Rosette,Stitle,rstitleou@hexun.com,rstitleou,7UjSXKrRwQC9
Mavra,Colten,mcoltenov@twitpic.com,mcoltenov,d0cvC028
Elbertine,Boliver,eboliverow@uol.com.br,eboliverow,bpRk5LDtSkhR
Hally,MacTeggart,hmacteggartox@nationalgeographic.com,hmacteggartox,dcB4LETbnkHZ
Theodore,Tilberry,ttilberryoy@wsj.com,ttilberryoy,l2gdH5J
Vin,Hawsby,vhawsbyoz@house.gov,vhawsbyoz,5XMQroJC1ssU
Ambrosius,Pickard,apickardp0@answers.com,apickardp0,ztm3kxtfIBFj
Court,Castaignet,ccastaignetp1@dion.ne.jp,ccastaignetp1,4IlDve
Charin,Heiden,cheidenp2@cnn.com,cheidenp2,6zDfQiXtXCV
Rubina,Stocken,rstockenp3@oracle.com,rstockenp3,mpGtPF178h
Uriah,Treversh,utrevershp4@icio.us,utrevershp4,ux3MzbQZP4T
Lane,Croneen,lcroneenp5@sbwire.com,lcroneenp5,Us5k5RIEG0V
Gloria,Moizer,gmoizerp6@skype.com,gmoizerp6,53hrxAE9r3k
Gorden,Viles,gvilesp7@chicagotribune.com,gvilesp7,CQXnP5
Yevette,Cromb,ycrombp8@miibeian.gov.cn,ycrombp8,V5k1jsZyQv9
Killian,Hugli,khuglip9@xrea.com,khuglip9,gbTW6KBER
Lyman,Gregore,lgregorepa@fema.gov,lgregorepa,YtQsj4E2P
Chandler,Willment,cwillmentpb@nymag.com,cwillmentpb,KihHlaKsr
Cathi,Ralfe,cralfepc@discovery.com,cralfepc,lGfbIYVPe6mB
Wendie,Oliver-Paull,woliverpaullpd@vistaprint.com,woliverpaullpd,E9esFY9ySdod
Lusa,Dowtry,ldowtrype@dropbox.com,ldowtrype,bIuBU6J9J
Terrill,Landells,tlandellspf@nifty.com,tlandellspf,QsTnzh31hNtF
Lonnie,Asey,laseypg@fc2.com,laseypg,GIPji7s
Kimble,Pinkard,kpinkardph@vinaora.com,kpinkardph,0vaNKp
Jolyn,Goricke,jgorickepi@house.gov,jgorickepi,awR2MjmT7
Wilma,Mothersdale,wmothersdalepj@behance.net,wmothersdalepj,JWpUTz
Eamon,Teall,eteallpk@sun.com,eteallpk,cwwpEin8
Gabriella,Elvidge,gelvidgepl@java.com,gelvidgepl,9nQMBSp4OI
Herminia,Deddum,hdeddumpm@wufoo.com,hdeddumpm,zVyuKtgmX
Boyce,Bryett,bbryettpn@comsenz.com,bbryettpn,IxhMUIip
Jenni,Braden,jbradenpo@slate.com,jbradenpo,UuWYtT1S
Lacie,Aucott,laucottpp@icio.us,laucottpp,gwShrnL
Janette,Caban,jcabanpq@mozilla.org,jcabanpq,YGBL0O1k
Silvan,Mulligan,smulliganpr@seesaa.net,smulliganpr,tsu5yX
Abrahan,O'Leary,aolearyps@imageshack.us,aolearyps,TckG0GZSx
Leonardo,Tunkin,ltunkinpt@wikipedia.org,ltunkinpt,aJxPIj
Maddy,Percy,mpercypu@google.com.hk,mpercypu,AKGljEP0jg
Janean,Phillp,jphillppv@edublogs.org,jphillppv,0Jzf0O
Marthena,MacMorland,mmacmorlandpw@csmonitor.com,mmacmorlandpw,mqGnn5AI
Bradan,Klainman,bklainmanpx@dion.ne.jp,bklainmanpx,hNyIdUvdD4Cz
Cece,Lygo,clygopy@seattletimes.com,clygopy,txddnOjQ
Spense,Doylend,sdoylendpz@blogger.com,sdoylendpz,1GwIykzVxgcC
Cathyleen,De Bernardi,cdebernardiq0@geocities.jp,cdebernardiq0,sJH6rzH4
Loralie,Janjic,ljanjicq1@ycombinator.com,ljanjicq1,rOgQowUIwQy
Ailyn,McManamon,amcmanamonq2@privacy.gov.au,amcmanamonq2,ieVCSsgcG4
Marita,Lanaway,mlanawayq3@wisc.edu,mlanawayq3,1oXOVhVxT
Gwenneth,Do Rosario,gdorosarioq4@nsw.gov.au,gdorosarioq4,Wv82Unl73
Harley,Ganny,hgannyq5@cocolog-nifty.com,hgannyq5,PTHmrbm1
Kelsey,Brann,kbrannq6@shinystat.com,kbrannq6,0mJg4QzIG
Max,Mainz,mmainzq7@foxnews.com,mmainzq7,rOKmoC9
Colline,Dillistone,cdillistoneq8@google.com.hk,cdillistoneq8,FsznxO
Bianka,Corbie,bcorbieq9@sourceforge.net,bcorbieq9,g6DcYR5odm
Lynnette,Bayles,lbaylesqa@timesonline.co.uk,lbaylesqa,gpRPOM9
Dacey,Motton,dmottonqb@cdc.gov,dmottonqb,yzvx7htRO
Randa,Wardhaugh,rwardhaughqc@nymag.com,rwardhaughqc,XACMDpRzg
Wilbert,Letham,wlethamqd@newyorker.com,wlethamqd,1azuQVZm
Sella,Skelhorne,sskelhorneqe@yellowbook.com,sskelhorneqe,cnVWznl7OEJJ
Alysia,Welling,awellingqf@e-recht24.de,awellingqf,7PVoukD
Randie,Hardington,rhardingtonqg@eepurl.com,rhardingtonqg,xohwNy
Maddy,Mapp,mmappqh@ftc.gov,mmappqh,HO5cTFHs9G0
Remington,Philippon,rphilipponqi@google.co.uk,rphilipponqi,SJioJir
Shirlee,Yockley,syockleyqj@phoca.cz,syockleyqj,jjMN5BX
Arlee,Govern,agovernqk@surveymonkey.com,agovernqk,uIzO77dXN6
Haily,Trusse,htrusseql@amazonaws.com,htrusseql,L6osYklBp
Vevay,Ginnell,vginnellqm@dmoz.org,vginnellqm,cl3O296jwmo
Robby,McTeague,rmcteagueqn@pagesperso-orange.fr,rmcteagueqn,0mQa1htc
Stanly,Chambers,schambersqo@usa.gov,schambersqo,n1tNDhjjdcns
Caleb,Cady,ccadyqp@fc2.com,ccadyqp,FQx96bwExeXG
Claudell,Desesquelle,cdesesquelleqq@nationalgeographic.com,cdesesquelleqq,M9i6w6g
Sonnnie,Everson,seversonqr@cpanel.net,seversonqr,2LmALznhkdaX
Christine,Jobke,cjobkeqs@flickr.com,cjobkeqs,c9FaARDjwTM
Ermentrude,Gietz,egietzqt@hexun.com,egietzqt,JCwIvWO6Ib
Harp,Rizziello,hrizzielloqu@prlog.org,hrizzielloqu,BOMIkxf
Merill,Mustin,mmustinqv@mediafire.com,mmustinqv,fji3Cg9OWm
Kristina,Petcher,kpetcherqw@eepurl.com,kpetcherqw,rlyGWkI5G
Emylee,Bellingham,ebellinghamqx@dell.com,ebellinghamqx,XdICXsV
Alyson,Fleetham,afleethamqy@bloglines.com,afleethamqy,OguwD5o0cB
Mercie,Rossi,mrossiqz@nymag.com,mrossiqz,mk5i0Fsx
Allie,Clute,acluter0@deliciousdays.com,acluter0,7jEP0yt1
Bambi,Chitter,bchitterr1@shinystat.com,bchitterr1,2ggwM5g8QrV
Quintina,Bohike,qbohiker2@sakura.ne.jp,qbohiker2,QRmZqSdaeCu
Barby,Phettiplace,bphettiplacer3@cornell.edu,bphettiplacer3,CBVq2tdwCra1
Hilly,Easterby,heasterbyr4@jimdo.com,heasterbyr4,4o1hV9MarE
Laurent,Bene,lbener5@mit.edu,lbener5,m3XpRkzA0G
Pepillo,Gemson,pgemsonr6@example.com,pgemsonr6,ZwlT1pk
Jana,Lippard,jlippardr7@gnu.org,jlippardr7,bsXwezHDy
Isaak,Rosie,irosier8@photobucket.com,irosier8,igVYPv
Ingeborg,Salthouse,isalthouser9@mashable.com,isalthouser9,exvAs4W5nY
Rutherford,Orwell,rorwellra@irs.gov,rorwellra,NJtSw4N4
Jeanne,Dewhurst,jdewhurstrb@youku.com,jdewhurstrb,PFl0zgCe
Barrie,Mannock,bmannockrc@tiny.cc,bmannockrc,pv6S7S
Margarette,Kestin,mkestinrd@oracle.com,mkestinrd,Jyx6tYv
Jorgan,Rany,jranyre@usda.gov,jranyre,j1ibTN2Pk0BY
Hermon,McGaw,hmcgawrf@latimes.com,hmcgawrf,zSDgdvicxp
Mercie,Leibold,mleiboldrg@illinois.edu,mleiboldrg,1aWXjce8N
Leonid,Glavin,lglavinrh@slideshare.net,lglavinrh,TpbZDpA
Sergio,Shellibeer,sshellibeerri@fda.gov,sshellibeerri,Itc2ksk
Orbadiah,Nibley,onibleyrj@hexun.com,onibleyrj,zKK15NZa
Shepperd,Shynn,sshynnrk@i2i.jp,sshynnrk,wZXQWeEUfC0
Jamill,Jallin,jjallinrl@admin.ch,jjallinrl,UwZoTn8
Dale,Strover,dstroverrm@constantcontact.com,dstroverrm,9eHmykkqX
Johannah,Brager,jbragerrn@huffingtonpost.com,jbragerrn,8oQwMDvDpSES
Claiborn,Mont,cmontro@unblog.fr,cmontro,QJyPJXeNN46A
George,Garrelts,ggarreltsrp@tumblr.com,ggarreltsrp,9rJyjgKStgmv
Skipton,Mandifield,smandifieldrq@dropbox.com,smandifieldrq,xybkaClh7wG
Fania,Stickney,fstickneyrr@issuu.com,fstickneyrr,zJYWWxjeY
